{
    "4": 94311.8046875,
    "5": 94457.5,
    "6": 94603.1875,
    "7": 94748.8671875,
    "8": 94894.5546875
}