{
    "4": 70748.7265625,
    "5": 70881.8203125,
    "6": 71014.9140625,
    "7": 71148.015625,
    "8": 71281.1171875
}