{
    "4": 78060.03125,
    "5": 78193.140625,
    "6": 78326.234375,
    "7": 78459.34375,
    "8": 78592.4375
}